,Unnamed: 0,Filming Dates
0,0,No Dates available
1,1,27 June 1997 - 13 September 1997
2,2,June 1997 - 5 September 1997
3,3,19 February 2001 - July 2001
4,4,No Dates available
5,5,25 May 1942 - 3 August 1942
6,6,No Dates available
7,7,March 1976 - 21 May 1977
8,8,18 March 1957 - May 1957
9,9,9 September 1939 - 2 October 1940
10,10,1 April 2019 - 7 June 2019
11,11,No Dates available
12,12,4 October 2019 - 5 August 2020
13,13,9 October 2008 - 6 February 2009
14,14,6 June 1994 - 28 October 1994
15,15,27 August 1985 - 8 August 1986
16,16,No Dates available
17,17,1979 - 1981
18,18,15 May 1961 - 20 October 1962
19,19,No Dates available
20,20,No Dates available
21,21,11 July 2005 - 15 October 2005
22,22,September 2003 - 15 November 2003
23,23,June 1984 - February 1985
24,24,3 April 1974
25,25,4 June 1962 - October 1962
26,26,January 1961 - April 1961
27,27,6 November 1941 - 24 December 1941
28,28,29 September 2015 - 28 November 2015
29,29,3 January 2004 - 3 March 2004
30,30,10 February 2003 - 31 October 2003
31,31,October 1993 - January 1995
32,32,20 March 1986 - May 1986
33,33,20 June 1977 - 5 December 1977
34,34,December 1973 - July 1974
35,35,No Dates available
36,36,15 June 1961 - 18 January 1962
37,37,26 November 1956 - 11 May 1957
38,38,10 December 1938 - 11 November 1939
39,39,3 February 1937 - 15 May 1937
40,40,8 June 1926 - 18 September 1926
41,41,15 September 2013
42,42,No Dates available
43,43,October 2005 - April 2007
44,44,2 February 1987
45,45,1979 - 1979
46,46,December 1964 - October 1965
47,47,4 February 1952 - 29 March 1952
48,48,15 April 1946 - 9 August 1946
49,49,11 November 1929 - March 1930
50,50,November 1925 - November 1925
51,51,28 May 2018
52,52,15 March 2006
53,53,No Dates available
54,54,3 February 1969 - August 1969
55,55,27 January 1959 - 12 July 1959
56,56,23 May 2016 - 2 September 2016
57,57,July 2014 - August 2014
58,58,No Dates available
59,59,29 April 2007 - 7 July 2007
60,60,May 2006 - August 2006
61,61,No Dates available
62,62,9 February 1989 - 27 April 1989
63,63,March 1983 - August 1984
64,64,9 January 1975
65,65,August 1961 - March 1962
66,66,29 February 1944 - 10 May 1944
67,67,June 1933
68,68,No Dates available
69,69,4 August 2004
70,70,24 August 2005 - 19 December 2005
71,71,3 March 2001 - July 2001
72,72,17 June 1991 - 10 October 1991
73,73,1 March 1987 - 20 June 1987
74,74,21 September 1974 - February 1975
75,75,2 January 1968 - May 1968
76,76,25 April 1966 - 13 October 1966
77,77,1 July 1963 - 26 July 1963
78,78,May 1951 - August 1951
79,79,September 2013
80,80,8 March 2012 - 22 June 2012
81,81,10 January 2011 - 22 June 2011
82,82,28 February 2013 - 15 April 2013
83,83,21 March 2006 - 4 May 2006
84,84,August 2006
85,85,No Dates available
86,86,25 August 2003 - 23 January 2004
87,87,17 January 2000 - May 2000
88,88,23 June 1997 - November 1997
89,89,June 1994 - April 1998
90,90,14 June 1993 - 23 September 1993
91,91,20 July 1992
92,92,October 1977
93,93,April 1970 - July 1970
94,94,30 June 1969 - December 1969
95,95,7 March 1953 - 5 May 1953
96,96,3 August 1943 - 17 November 1943
97,97,No Dates available
98,98,2 October 2012
99,99,23 July 2007 - September 2007
